{"pitch": [-2.1355877982968754, 7.38753485090975, 223.62964673511192, 55.58786436913093], "energy": [-1.4041119813919067, 5.7735676765441895, 36.26668500095592, 25.70825314173775]}